{"Pclass": -0.8481346652900362, "Sex": -2.4908849678510157, "Age": -0.029566305467747772, "SibSp": -0.2854133014209651, "Parch": -0.06179997395543831, "Fare": 0.004064833549835715, "Embarked": -0.13554534196941498, "Intercept": 4.067200952107558}